Patient ID,Patient Name,Relative ID,Relative Name,Relationship,Age,Photo Path,Memory Trigger Notes
PAT-NE-2026-001,Biren Borah,p1_r1,Manash Borah,Son,42,images/patient_1_biren_borah/relatives/01_son_manash_borah.png,Lives in Guwahati with me; works as senior engineer at Tech Mahindra; takes me for evening walks every day.
PAT-NE-2026-001,Biren Borah,p1_r2,Pratima Borah,Spouse,68,images/patient_1_biren_borah/relatives/02_spouse_pratima_borah.png,Married for 46 years; cooks traditional Masor Tenga; reminds me of daily prayers at Namghar.
PAT-NE-2026-001,Biren Borah,p1_r3,Ananya Borah,Daughter,38,images/patient_1_biren_borah/relatives/03_daughter_ananya_borah.png,Lives in Jorhat; visits every second weekend with fresh homemade Pitha; calls daily at 7 PM.
PAT-NE-2026-001,Biren Borah,p1_r4,Arnav Borah,Grandchild,11,images/patient_1_biren_borah/relatives/04_grandchild_arnav_borah.png,Studies in Class 6 in Guwahati; loves playing carrom and listening to folk tales with Dadu.
PAT-NE-2026-001,Biren Borah,p1_r5,Dhireswar Borah,Sibling,66,images/patient_1_biren_borah/relatives/05_sibling_dhireswar_borah.png,Younger brother; retired PWD engineer living in Uzan Bazar; visits every Sunday for tea and newspaper.
PAT-NE-2026-002,Mary Nongrum,p2_r1,Daphisha Nongrum,Daughter,36,images/patient_2_mary_nongrum/relatives/01_daughter_daphisha_nongrum.png,Lives in Shillong with me; school teacher at St. Mary's; prepares herbal morning tea and organizes medicines.
PAT-NE-2026-002,Mary Nongrum,p2_r2,Banker Nongrum,Spouse,70,images/patient_2_mary_nongrum/relatives/02_spouse_banker_nongrum.png,Married 45 years; retired forestry officer; loves tending the orchid and hydrangea garden with me.
PAT-NE-2026-002,Mary Nongrum,p2_r3,Banylla Nongrum,Grandchild,8,images/patient_2_mary_nongrum/relatives/03_grandchild_banylla_nongrum.png,Granddaughter; loves reading illustrated Khasi folktales and singing church choir hymns with Kong Mary.
PAT-NE-2026-002,Mary Nongrum,p2_r4,Pynskhem Nongrum,Son,40,images/patient_2_mary_nongrum/relatives/04_son_pynskhem_nongrum.png,Lives in Mawlai; works in state tourism; visits every Wednesday evening and brings traditional Khasi snacks.
PAT-NE-2026-002,Mary Nongrum,p2_r5,Ibadalin Nongrum,Sibling,65,images/patient_2_mary_nongrum/relatives/05_sibling_ibadalin_nongrum.png,Younger sister; lives near Police Bazar; knits woollen sweaters with me every Saturday afternoon.
PAT-NE-2026-003,Tongbram Ibochouba Singh,p3_r1,T. Sanatombi Devi,Spouse,70,images/patient_3_ibochouba_singh/relatives/01_spouse_sanatombi_devi.png,Married 50 years; prepares traditional Kangsoi and accompanies me to Govindaji Temple every morning.
PAT-NE-2026-003,Tongbram Ibochouba Singh,p3_r2,T. Birjit Singh,Son,45,images/patient_3_ibochouba_singh/relatives/02_son_birjit_singh.png,Works in State Handloom Corporation; lives with us and manages medicine schedules and grocery.
PAT-NE-2026-003,Tongbram Ibochouba Singh,p3_r3,T. Memcha Devi,Daughter,39,images/patient_3_ibochouba_singh/relatives/03_daughter_memcha_devi.png,Lives in Kwakeithel; brings homemade fish delicacies every Sunday; helps me with memory recall games.
PAT-NE-2026-003,Tongbram Ibochouba Singh,p3_r4,Tomba Singh,Grandchild,12,images/patient_3_ibochouba_singh/relatives/04_grandchild_tomba_singh.png,Grandson; plays football and listens enthusiastically to grandfather's traditional Pena folk music.
PAT-NE-2026-003,Tongbram Ibochouba Singh,p3_r5,T. Tombi Singh,Sibling,72,images/patient_3_ibochouba_singh/relatives/05_sibling_tombi_singh.png,Younger brother; retired teacher living in Uripok; discusses local handloom affairs and news with me.
PAT-NE-2026-004,Lalhmingmawii Sailo,p4_r1,Lalrinzuala Sailo,Spouse,67,images/patient_4_lalhmingmawii_sailo/relatives/01_spouse_lalrinzuala_sailo.png,Married 40 years; retired state revenue inspector; helps me with morning walks and prepares meals.
PAT-NE-2026-004,Lalhmingmawii Sailo,p4_r2,Vanlalruati Sailo,Daughter,35,images/patient_4_lalhmingmawii_sailo/relatives/02_daughter_vanlalruati_sailo.png,Lives in Aizawl; lecturer at Pachhunga University College; assists with daily cognitive exercises.
PAT-NE-2026-004,Lalhmingmawii Sailo,p4_r3,Lalbiakzuala Sailo,Son,38,images/patient_4_lalhmingmawii_sailo/relatives/03_son_lalbiakzuala_sailo.png,Civil engineer in PWD; lives in Mission Veng; brings fresh mountain fruit every weekend.
PAT-NE-2026-004,Lalhmingmawii Sailo,p4_r4,Lalramchhani Sailo,Grandchild,9,images/patient_4_lalhmingmawii_sailo/relatives/04_grandchild_lalramchhani_sailo.png,Granddaughter; loves playing Mizo word puzzle games and drawing pictures with Pi Hmingi.
PAT-NE-2026-004,Lalhmingmawii Sailo,p4_r5,Lalthanmawii Sailo,Sibling,62,images/patient_4_lalhmingmawii_sailo/relatives/05_sibling_lalthanmawii_sailo.png,Younger sister; lives in Khatla; attends Presbyterian Women's fellowship with me every Tuesday.
PAT-NE-2026-005,Kevichüsa Angami,p5_r1,Seyievinuo Angami,Daughter,41,images/patient_5_kevichusa_angami/relatives/01_daughter_seyievinuo_angami.png,Lives in Kohima with me; high school principal; takes me on daily walks and coordinates doctor visits.
PAT-NE-2026-005,Kevichüsa Angami,p5_r2,Neiphrelie Angami,Spouse,71,images/patient_5_kevichusa_angami/relatives/02_spouse_neiphrelie_angami.png,Married 48 years; master weaver of traditional Angami shawls (Loramhü); cooks traditional smoked meat stew.
PAT-NE-2026-005,Kevichüsa Angami,p5_r3,Kevilezo Angami,Son,44,images/patient_5_kevichusa_angami/relatives/03_son_kevilezo_angami.png,Lives in Dimapur; works in Agriculture Directorate; visits every second weekend with farm produce.
PAT-NE-2026-005,Kevichüsa Angami,p5_r4,Vimenuo Angami,Grandchild,10,images/patient_5_kevichusa_angami/relatives/04_grandchild_vimenuo_angami.png,Granddaughter; loves listening to grandfather recount Angami warrior folk legends and forest tales.
PAT-NE-2026-005,Kevichüsa Angami,p5_r5,Vitsore Angami,Sibling,69,images/patient_5_kevichusa_angami/relatives/05_sibling_vitsore_angami.png,Younger brother; village elder in Khonoma; visits Kohima monthly to talk about village council matters.
